{
  "timestamp": "2025-12-12T16:20:23.673674",
  "dataset_path": "/nfs/u40/chanc187/source/clari_gen/data/clariq_preprocessed.tsv",
  "total_queries": 299,
  "processed_queries": 299,
  "batch_size": 32,
  "max_workers": 8,
  "classification_report": {
    "Clear (0)": {
      "precision": 0.1568627450980392,
      "recall": 0.21621621621621623,
      "f1-score": 0.18181818181818182,
      "support": 37.0
    },
    "Ambiguous (1)": {
      "precision": 0.8830645161290323,
      "recall": 0.8358778625954199,
      "f1-score": 0.8588235294117647,
      "support": 262.0
    },
    "accuracy": 0.7591973244147158,
    "macro avg": {
      "precision": 0.5199636306135358,
      "recall": 0.5260470394058181,
      "f1-score": 0.5203208556149732,
      "support": 299.0
    },
    "weighted avg": {
      "precision": 0.7932000829245281,
      "recall": 0.7591973244147158,
      "f1-score": 0.7750469479369735,
      "support": 299.0
    }
  },
  "confusion_matrix": {
    "tn": 8,
    "fp": 29,
    "fn": 43,
    "tp": 219
  },
  "accuracy": 0.7591973244147158,
  "weighted_precision": 0.7932000829245281,
  "weighted_recall": 0.7591973244147158,
  "weighted_f1": 0.7750469479369735,
  "avg_inference_time_seconds": 0.018532383800748998,
  "total_processing_time_seconds": 5.54118275642395,
  "error_count": 0
}