{
  "timestamp": "2025-12-12T16:20:08.411332",
  "dataset_path": "/nfs/u40/chanc187/source/clari_gen/data/clariq_preprocessed.tsv",
  "total_queries": 299,
  "processed_queries": 299,
  "batch_size": 32,
  "max_workers": 8,
  "classification_report": {
    "Clear (0)": {
      "precision": 0.2073170731707317,
      "recall": 0.4594594594594595,
      "f1-score": 0.2857142857142857,
      "support": 37.0
    },
    "Ambiguous (1)": {
      "precision": 0.9078341013824884,
      "recall": 0.7519083969465649,
      "f1-score": 0.8225469728601252,
      "support": 262.0
    },
    "accuracy": 0.7157190635451505,
    "macro avg": {
      "precision": 0.55757558727661,
      "recall": 0.6056839282030122,
      "f1-score": 0.5541306292872055,
      "support": 299.0
    },
    "weighted avg": {
      "precision": 0.8211480477241773,
      "recall": 0.7157190635451505,
      "f1-score": 0.7561161721096368,
      "support": 299.0
    }
  },
  "confusion_matrix": {
    "tn": 17,
    "fp": 20,
    "fn": 65,
    "tp": 197
  },
  "accuracy": 0.7157190635451505,
  "weighted_precision": 0.8211480477241773,
  "weighted_recall": 0.7157190635451505,
  "weighted_f1": 0.7561161721096368,
  "avg_inference_time_seconds": 0.01835875686594475,
  "total_processing_time_seconds": 5.4892683029174805,
  "error_count": 0
}