{
  "timestamp": "2025-12-12T15:14:59.342236",
  "dataset_path": "/nfs/u40/chanc187/source/clari_gen/data/ambignq_preprocessed.tsv",
  "total_queries": 2002,
  "processed_queries": 2002,
  "batch_size": 64,
  "max_workers": 64,
  "classification_report": {
    "Clear (0)": {
      "precision": 0.5625,
      "recall": 0.05421686746987952,
      "f1-score": 0.0989010989010989,
      "support": 830.0
    },
    "Ambiguous (1)": {
      "precision": 0.5915712799167534,
      "recall": 0.9701365187713311,
      "f1-score": 0.7349709114414997,
      "support": 1172.0
    },
    "accuracy": 0.5904095904095904,
    "macro avg": {
      "precision": 0.5770356399583767,
      "recall": 0.5121766931206053,
      "f1-score": 0.4169360051712993,
      "support": 2002.0
    },
    "weighted avg": {
      "precision": 0.5795187512799375,
      "recall": 0.5904095904095904,
      "f1-score": 0.47126564450417074,
      "support": 2002.0
    }
  },
  "confusion_matrix": {
    "tn": 45,
    "fp": 785,
    "fn": 35,
    "tp": 1137
  },
  "accuracy": 0.5904095904095904,
  "weighted_precision": 0.5795187512799375,
  "weighted_recall": 0.5904095904095904,
  "weighted_f1": 0.47126564450417074,
  "avg_inference_time_seconds": 0.030904179210072154,
  "total_processing_time_seconds": 61.87016677856445,
  "error_count": 0
}