{
  "timestamp": "2025-12-12T15:13:55.712574",
  "dataset_path": "/nfs/u40/chanc187/source/clari_gen/data/ambignq_preprocessed.tsv",
  "total_queries": 2002,
  "processed_queries": 2002,
  "batch_size": 64,
  "max_workers": 64,
  "classification_report": {
    "Clear (0)": {
      "precision": 0.4672897196261682,
      "recall": 0.12048192771084337,
      "f1-score": 0.19157088122605365,
      "support": 830.0
    },
    "Ambiguous (1)": {
      "precision": 0.5917225950782998,
      "recall": 0.9027303754266212,
      "f1-score": 0.7148648648648649,
      "support": 1172.0
    },
    "accuracy": 0.5784215784215784,
    "macro avg": {
      "precision": 0.529506157352234,
      "recall": 0.5116061515687322,
      "f1-score": 0.45321787304545924,
      "support": 2002.0
    },
    "weighted avg": {
      "precision": 0.5401345398209225,
      "recall": 0.5784215784215784,
      "f1-score": 0.49791481170791513,
      "support": 2002.0
    }
  },
  "confusion_matrix": {
    "tn": 100,
    "fp": 730,
    "fn": 114,
    "tp": 1058
  },
  "accuracy": 0.5784215784215784,
  "weighted_precision": 0.5401345398209225,
  "weighted_recall": 0.5784215784215784,
  "weighted_f1": 0.49791481170791513,
  "avg_inference_time_seconds": 0.036674139025685316,
  "total_processing_time_seconds": 73.421626329422,
  "error_count": 0
}