{
  "timestamp": "2025-12-12T15:10:12.659540",
  "dataset_path": "/nfs/u40/chanc187/source/clari_gen/data/clariq_preprocessed.tsv",
  "total_queries": 299,
  "processed_queries": 299,
  "batch_size": 64,
  "max_workers": 64,
  "classification_report": {
    "Clear (0)": {
      "precision": 0.3333333333333333,
      "recall": 0.10810810810810811,
      "f1-score": 0.16326530612244897,
      "support": 37.0
    },
    "Ambiguous (1)": {
      "precision": 0.8850174216027874,
      "recall": 0.9694656488549618,
      "f1-score": 0.9253187613843351,
      "support": 262.0
    },
    "accuracy": 0.862876254180602,
    "macro avg": {
      "precision": 0.6091753774680604,
      "recall": 0.538786878481535,
      "f1-score": 0.5442920337533921,
      "support": 299.0
    },
    "weighted avg": {
      "precision": 0.8167488220510489,
      "recall": 0.862876254180602,
      "f1-score": 0.8310178321378809,
      "support": 299.0
    }
  },
  "confusion_matrix": {
    "tn": 4,
    "fp": 33,
    "fn": 8,
    "tp": 254
  },
  "accuracy": 0.862876254180602,
  "weighted_precision": 0.8167488220510489,
  "weighted_recall": 0.862876254180602,
  "weighted_f1": 0.8310178321378809,
  "avg_inference_time_seconds": 0.025740188898450155,
  "total_processing_time_seconds": 7.696316480636597,
  "error_count": 0
}