{
  "timestamp": "2025-12-12T16:30:05.570234",
  "dataset_path": "/nfs/u40/chanc187/source/clari_gen/data/clariq_preprocessed.tsv",
  "total_queries": 299,
  "processed_queries": 299,
  "batch_size": 32,
  "max_workers": 8,
  "classification_report": {
    "Clear (0)": {
      "precision": 0.14,
      "recall": 0.1891891891891892,
      "f1-score": 0.16091954022988506,
      "support": 37.0
    },
    "Ambiguous (1)": {
      "precision": 0.8795180722891566,
      "recall": 0.8358778625954199,
      "f1-score": 0.8571428571428571,
      "support": 262.0
    },
    "accuracy": 0.7558528428093646,
    "macro avg": {
      "precision": 0.5097590361445783,
      "recall": 0.5125335258923045,
      "f1-score": 0.509031198686371,
      "support": 299.0
    },
    "weighted avg": {
      "precision": 0.7880058024741105,
      "recall": 0.7558528428093646,
      "f1-score": 0.7709881323074727,
      "support": 299.0
    }
  },
  "confusion_matrix": {
    "tn": 7,
    "fp": 30,
    "fn": 43,
    "tp": 219
  },
  "accuracy": 0.7558528428093646,
  "weighted_precision": 0.7880058024741105,
  "weighted_recall": 0.7558528428093646,
  "weighted_f1": 0.7709881323074727,
  "avg_inference_time_seconds": 0.017599224645557212,
  "total_processing_time_seconds": 5.2621681690216064,
  "error_count": 0
}