{
  "timestamp": "2025-12-12T16:29:58.864321",
  "dataset_path": "/nfs/u40/chanc187/source/clari_gen/data/clariq_preprocessed.tsv",
  "total_queries": 299,
  "processed_queries": 299,
  "batch_size": 32,
  "max_workers": 8,
  "classification_report": {
    "Clear (0)": {
      "precision": 0.19230769230769232,
      "recall": 0.40540540540540543,
      "f1-score": 0.2608695652173913,
      "support": 37.0
    },
    "Ambiguous (1)": {
      "precision": 0.9004524886877828,
      "recall": 0.7595419847328244,
      "f1-score": 0.8240165631469979,
      "support": 262.0
    },
    "accuracy": 0.7157190635451505,
    "macro avg": {
      "precision": 0.5463800904977376,
      "recall": 0.582473695069115,
      "f1-score": 0.5424430641821946,
      "support": 299.0
    },
    "weighted avg": {
      "precision": 0.8128225306073034,
      "recall": 0.7157190635451505,
      "f1-score": 0.7543294764466787,
      "support": 299.0
    }
  },
  "confusion_matrix": {
    "tn": 15,
    "fp": 22,
    "fn": 63,
    "tp": 199
  },
  "accuracy": 0.7157190635451505,
  "weighted_precision": 0.8128225306073034,
  "weighted_recall": 0.7157190635451505,
  "weighted_f1": 0.7543294764466787,
  "avg_inference_time_seconds": 0.017579411981895218,
  "total_processing_time_seconds": 5.25624418258667,
  "error_count": 0
}