{
  "timestamp": "2025-12-12T16:30:41.822799",
  "dataset_path": "/nfs/u40/chanc187/source/clari_gen/data/ambignq_preprocessed.tsv",
  "total_queries": 2002,
  "processed_queries": 2002,
  "batch_size": 32,
  "max_workers": 8,
  "classification_report": {
    "Clear (0)": {
      "precision": 0.43790248390064396,
      "recall": 0.5734939759036145,
      "f1-score": 0.4966092853416797,
      "support": 830.0
    },
    "Ambiguous (1)": {
      "precision": 0.6131147540983607,
      "recall": 0.4786689419795222,
      "f1-score": 0.537613799712506,
      "support": 1172.0
    },
    "accuracy": 0.5179820179820179,
    "macro avg": {
      "precision": 0.5255086189995023,
      "recall": 0.5260814589415683,
      "f1-score": 0.5171115425270929,
      "support": 2002.0
    },
    "weighted avg": {
      "precision": 0.5404743024179887,
      "recall": 0.5179820179820179,
      "f1-score": 0.5206139261222034,
      "support": 2002.0
    }
  },
  "confusion_matrix": {
    "tn": 476,
    "fp": 354,
    "fn": 611,
    "tp": 561
  },
  "accuracy": 0.5179820179820179,
  "weighted_precision": 0.5404743024179887,
  "weighted_recall": 0.5179820179820179,
  "weighted_f1": 0.5206139261222034,
  "avg_inference_time_seconds": 0.01738524877584421,
  "total_processing_time_seconds": 34.80526804924011,
  "error_count": 0
}